long1,long2,lat1,lat2
76.33243846,76.33243846,34.63371238,34.63371238
76.33243846,75.41511227,34.63371238,30.84273641
76.33243846,76.77992395,34.63371238,30.72953968
76.33243846,80.56544756,34.63371238,26.92348143
76.33243846,76.33989659,34.63371238,29.19864358
76.33243846,77.11437715,34.63371238,28.64399342
76.33243846,73.84966968,34.63371238,26.58443396
76.33243846,79.20652979,34.63371238,30.15671305
76.33243846,85.60953247,34.63371238,25.67923918
76.33243846,88.4741533,34.63371238,27.57033606
76.33243846,94.67558849,34.63371238,28.03614313
76.33243846,94.46747289,34.63371238,26.06285728
76.33243846,93.87771148,34.63371238,24.73536481
76.33243846,92.83318176,34.63371238,23.30762901
76.33243846,91.74111371,34.63371238,23.74742752
76.33243846,91.27773988,34.63371238,25.53600199
76.33243846,92.82711013,34.63371238,26.35555846
76.33243846,87.98549287,34.63371238,23.80544792
76.33243846,85.56426683,34.63371238,23.65610605
76.33243846,84.43079273,34.63371238,20.51269293
76.33243846,82.04110311,34.63371238,21.26650484
76.33243846,78.28926027,34.63371238,23.53787145
76.33243846,71.59969939,34.63371238,22.68350602
76.33243846,72.21907478,34.63371238,20.51579461
76.33243846,73.06896755,34.63371238,20.1941485
76.33243846,76.10762442,34.63371238,19.45157685
76.33243846,79.57313889,34.63371238,16.59309563
76.33243846,76.16681726,34.63371238,14.71046095
76.33243846,74.04940785,34.63371238,15.36400472
76.33243846,72.9623108,34.63371238,9.985515104
76.33243846,76.4077955,34.63371238,10.45270542
76.33243846,78.40792811,34.63371238,11.01707933
76.33243846,79.91431909,34.63371238,11.95185154
76.33243846,92.9608613,34.63371238,11.18065072
76.33243846,#N/A,34.63371238,#N/A
76.33243846,#N/A,34.63371238,#N/A
76.33243846,#N/A,34.63371238,#N/A
76.33243846,#N/A,34.63371238,#N/A
76.33243846,#N/A,34.63371238,#N/A
77.24372583,76.33243846,31.92399538,34.63371238
77.24372583,75.41511227,31.92399538,30.84273641
77.24372583,76.77992395,31.92399538,30.72953968
77.24372583,80.56544756,31.92399538,26.92348143
77.24372583,76.33989659,31.92399538,29.19864358
77.24372583,77.11437715,31.92399538,28.64399342
77.24372583,73.84966968,31.92399538,26.58443396
77.24372583,79.20652979,31.92399538,30.15671305
77.24372583,85.60953247,31.92399538,25.67923918
77.24372583,88.4741533,31.92399538,27.57033606
77.24372583,94.67558849,31.92399538,28.03614313
77.24372583,94.46747289,31.92399538,26.06285728
77.24372583,93.87771148,31.92399538,24.73536481
77.24372583,92.83318176,31.92399538,23.30762901
77.24372583,91.74111371,31.92399538,23.74742752
77.24372583,91.27773988,31.92399538,25.53600199
77.24372583,92.82711013,31.92399538,26.35555846
77.24372583,87.98549287,31.92399538,23.80544792
77.24372583,85.56426683,31.92399538,23.65610605
77.24372583,84.43079273,31.92399538,20.51269293
77.24372583,82.04110311,31.92399538,21.26650484
77.24372583,78.28926027,31.92399538,23.53787145
77.24372583,71.59969939,31.92399538,22.68350602
77.24372583,72.21907478,31.92399538,20.51579461
77.24372583,73.06896755,31.92399538,20.1941485
77.24372583,76.10762442,31.92399538,19.45157685
77.24372583,79.57313889,31.92399538,16.59309563
77.24372583,76.16681726,31.92399538,14.71046095
77.24372583,74.04940785,31.92399538,15.36400472
77.24372583,72.9623108,31.92399538,9.985515104
77.24372583,76.4077955,31.92399538,10.45270542
77.24372583,78.40792811,31.92399538,11.01707933
77.24372583,79.91431909,31.92399538,11.95185154
77.24372583,92.9608613,31.92399538,11.18065072
77.24372583,#N/A,31.92399538,#N/A
77.24372583,#N/A,31.92399538,#N/A
77.24372583,#N/A,31.92399538,#N/A
77.24372583,#N/A,31.92399538,#N/A
77.24372583,#N/A,31.92399538,#N/A
75.41511227,76.33243846,30.84273641,34.63371238
75.41511227,75.41511227,30.84273641,30.84273641
75.41511227,76.77992395,30.84273641,30.72953968
75.41511227,80.56544756,30.84273641,26.92348143
75.41511227,76.33989659,30.84273641,29.19864358
75.41511227,77.11437715,30.84273641,28.64399342
75.41511227,73.84966968,30.84273641,26.58443396
75.41511227,79.20652979,30.84273641,30.15671305
75.41511227,85.60953247,30.84273641,25.67923918
75.41511227,88.4741533,30.84273641,27.57033606
75.41511227,94.67558849,30.84273641,28.03614313
75.41511227,94.46747289,30.84273641,26.06285728
75.41511227,93.87771148,30.84273641,24.73536481
75.41511227,92.83318176,30.84273641,23.30762901
75.41511227,91.74111371,30.84273641,23.74742752
75.41511227,91.27773988,30.84273641,25.53600199
75.41511227,92.82711013,30.84273641,26.35555846
75.41511227,87.98549287,30.84273641,23.80544792
75.41511227,85.56426683,30.84273641,23.65610605
75.41511227,84.43079273,30.84273641,20.51269293
75.41511227,82.04110311,30.84273641,21.26650484
75.41511227,78.28926027,30.84273641,23.53787145
75.41511227,71.59969939,30.84273641,22.68350602
75.41511227,72.21907478,30.84273641,20.51579461
75.41511227,73.06896755,30.84273641,20.1941485
75.41511227,76.10762442,30.84273641,19.45157685
75.41511227,79.57313889,30.84273641,16.59309563
75.41511227,76.16681726,30.84273641,14.71046095
75.41511227,74.04940785,30.84273641,15.36400472
75.41511227,72.9623108,30.84273641,9.985515104
75.41511227,76.4077955,30.84273641,10.45270542
75.41511227,78.40792811,30.84273641,11.01707933
75.41511227,79.91431909,30.84273641,11.95185154
75.41511227,92.9608613,30.84273641,11.18065072
75.41511227,#N/A,30.84273641,#N/A
75.41511227,#N/A,30.84273641,#N/A
75.41511227,#N/A,30.84273641,#N/A
75.41511227,#N/A,30.84273641,#N/A
75.41511227,#N/A,30.84273641,#N/A
76.77992395,76.33243846,30.72953968,34.63371238
76.77992395,75.41511227,30.72953968,30.84273641
76.77992395,76.77992395,30.72953968,30.72953968
76.77992395,80.56544756,30.72953968,26.92348143
76.77992395,76.33989659,30.72953968,29.19864358
76.77992395,77.11437715,30.72953968,28.64399342
76.77992395,73.84966968,30.72953968,26.58443396
76.77992395,79.20652979,30.72953968,30.15671305
76.77992395,85.60953247,30.72953968,25.67923918
76.77992395,88.4741533,30.72953968,27.57033606
76.77992395,94.67558849,30.72953968,28.03614313
76.77992395,94.46747289,30.72953968,26.06285728
76.77992395,93.87771148,30.72953968,24.73536481
76.77992395,92.83318176,30.72953968,23.30762901
76.77992395,91.74111371,30.72953968,23.74742752
76.77992395,91.27773988,30.72953968,25.53600199
76.77992395,92.82711013,30.72953968,26.35555846
76.77992395,87.98549287,30.72953968,23.80544792
76.77992395,85.56426683,30.72953968,23.65610605
76.77992395,84.43079273,30.72953968,20.51269293
76.77992395,82.04110311,30.72953968,21.26650484
76.77992395,78.28926027,30.72953968,23.53787145
76.77992395,71.59969939,30.72953968,22.68350602
76.77992395,72.21907478,30.72953968,20.51579461
76.77992395,73.06896755,30.72953968,20.1941485
76.77992395,76.10762442,30.72953968,19.45157685
76.77992395,79.57313889,30.72953968,16.59309563
76.77992395,76.16681726,30.72953968,14.71046095
76.77992395,74.04940785,30.72953968,15.36400472
76.77992395,72.9623108,30.72953968,9.985515104
76.77992395,76.4077955,30.72953968,10.45270542
76.77992395,78.40792811,30.72953968,11.01707933
76.77992395,79.91431909,30.72953968,11.95185154
76.77992395,92.9608613,30.72953968,11.18065072
76.77992395,#N/A,30.72953968,#N/A
76.77992395,#N/A,30.72953968,#N/A
76.77992395,#N/A,30.72953968,#N/A
76.77992395,#N/A,30.72953968,#N/A
76.77992395,#N/A,30.72953968,#N/A
80.56544756,76.33243846,26.92348143,34.63371238
80.56544756,75.41511227,26.92348143,30.84273641
80.56544756,76.77992395,26.92348143,30.72953968
80.56544756,80.56544756,26.92348143,26.92348143
80.56544756,76.33989659,26.92348143,29.19864358
80.56544756,77.11437715,26.92348143,28.64399342
80.56544756,73.84966968,26.92348143,26.58443396
80.56544756,79.20652979,26.92348143,30.15671305
80.56544756,85.60953247,26.92348143,25.67923918
80.56544756,88.4741533,26.92348143,27.57033606
80.56544756,94.67558849,26.92348143,28.03614313
80.56544756,94.46747289,26.92348143,26.06285728
80.56544756,93.87771148,26.92348143,24.73536481
80.56544756,92.83318176,26.92348143,23.30762901
80.56544756,91.74111371,26.92348143,23.74742752
80.56544756,91.27773988,26.92348143,25.53600199
80.56544756,92.82711013,26.92348143,26.35555846
80.56544756,87.98549287,26.92348143,23.80544792
80.56544756,85.56426683,26.92348143,23.65610605
80.56544756,84.43079273,26.92348143,20.51269293
80.56544756,82.04110311,26.92348143,21.26650484
80.56544756,78.28926027,26.92348143,23.53787145
80.56544756,71.59969939,26.92348143,22.68350602
80.56544756,72.21907478,26.92348143,20.51579461
80.56544756,73.06896755,26.92348143,20.1941485
80.56544756,76.10762442,26.92348143,19.45157685
80.56544756,79.57313889,26.92348143,16.59309563
80.56544756,76.16681726,26.92348143,14.71046095
80.56544756,74.04940785,26.92348143,15.36400472
80.56544756,72.9623108,26.92348143,9.985515104
80.56544756,76.4077955,26.92348143,10.45270542
80.56544756,78.40792811,26.92348143,11.01707933
80.56544756,79.91431909,26.92348143,11.95185154
80.56544756,92.9608613,26.92348143,11.18065072
80.56544756,#N/A,26.92348143,#N/A
80.56544756,#N/A,26.92348143,#N/A
80.56544756,#N/A,26.92348143,#N/A
80.56544756,#N/A,26.92348143,#N/A
80.56544756,#N/A,26.92348143,#N/A
76.33989659,76.33243846,29.19864358,34.63371238
76.33989659,75.41511227,29.19864358,30.84273641
76.33989659,76.77992395,29.19864358,30.72953968
76.33989659,80.56544756,29.19864358,26.92348143
76.33989659,76.33989659,29.19864358,29.19864358
76.33989659,77.11437715,29.19864358,28.64399342
76.33989659,73.84966968,29.19864358,26.58443396
76.33989659,79.20652979,29.19864358,30.15671305
76.33989659,85.60953247,29.19864358,25.67923918
76.33989659,88.4741533,29.19864358,27.57033606
76.33989659,94.67558849,29.19864358,28.03614313
76.33989659,94.46747289,29.19864358,26.06285728
76.33989659,93.87771148,29.19864358,24.73536481
76.33989659,92.83318176,29.19864358,23.30762901
76.33989659,91.74111371,29.19864358,23.74742752
76.33989659,91.27773988,29.19864358,25.53600199
76.33989659,92.82711013,29.19864358,26.35555846
76.33989659,87.98549287,29.19864358,23.80544792
76.33989659,85.56426683,29.19864358,23.65610605
76.33989659,84.43079273,29.19864358,20.51269293
76.33989659,82.04110311,29.19864358,21.26650484
76.33989659,78.28926027,29.19864358,23.53787145
76.33989659,71.59969939,29.19864358,22.68350602
76.33989659,72.21907478,29.19864358,20.51579461
76.33989659,73.06896755,29.19864358,20.1941485
76.33989659,76.10762442,29.19864358,19.45157685
76.33989659,79.57313889,29.19864358,16.59309563
76.33989659,76.16681726,29.19864358,14.71046095
76.33989659,74.04940785,29.19864358,15.36400472
76.33989659,72.9623108,29.19864358,9.985515104
76.33989659,76.4077955,29.19864358,10.45270542
76.33989659,78.40792811,29.19864358,11.01707933
76.33989659,79.91431909,29.19864358,11.95185154
76.33989659,92.9608613,29.19864358,11.18065072
76.33989659,#N/A,29.19864358,#N/A
76.33989659,#N/A,29.19864358,#N/A
76.33989659,#N/A,29.19864358,#N/A
76.33989659,#N/A,29.19864358,#N/A
76.33989659,#N/A,29.19864358,#N/A
77.11437715,76.33243846,28.64399342,34.63371238
77.11437715,75.41511227,28.64399342,30.84273641
77.11437715,76.77992395,28.64399342,30.72953968
77.11437715,80.56544756,28.64399342,26.92348143
77.11437715,76.33989659,28.64399342,29.19864358
77.11437715,77.11437715,28.64399342,28.64399342
77.11437715,73.84966968,28.64399342,26.58443396
77.11437715,79.20652979,28.64399342,30.15671305
77.11437715,85.60953247,28.64399342,25.67923918
77.11437715,88.4741533,28.64399342,27.57033606
77.11437715,94.67558849,28.64399342,28.03614313
77.11437715,94.46747289,28.64399342,26.06285728
77.11437715,93.87771148,28.64399342,24.73536481
77.11437715,92.83318176,28.64399342,23.30762901
77.11437715,91.74111371,28.64399342,23.74742752
77.11437715,91.27773988,28.64399342,25.53600199
77.11437715,92.82711013,28.64399342,26.35555846
77.11437715,87.98549287,28.64399342,23.80544792
77.11437715,85.56426683,28.64399342,23.65610605
77.11437715,84.43079273,28.64399342,20.51269293
77.11437715,82.04110311,28.64399342,21.26650484
77.11437715,78.28926027,28.64399342,23.53787145
77.11437715,71.59969939,28.64399342,22.68350602
77.11437715,72.21907478,28.64399342,20.51579461
77.11437715,73.06896755,28.64399342,20.1941485
77.11437715,76.10762442,28.64399342,19.45157685
77.11437715,79.57313889,28.64399342,16.59309563
77.11437715,76.16681726,28.64399342,14.71046095
77.11437715,74.04940785,28.64399342,15.36400472
77.11437715,72.9623108,28.64399342,9.985515104
77.11437715,76.4077955,28.64399342,10.45270542
77.11437715,78.40792811,28.64399342,11.01707933
77.11437715,79.91431909,28.64399342,11.95185154
77.11437715,92.9608613,28.64399342,11.18065072
77.11437715,#N/A,28.64399342,#N/A
77.11437715,#N/A,28.64399342,#N/A
77.11437715,#N/A,28.64399342,#N/A
77.11437715,#N/A,28.64399342,#N/A
77.11437715,#N/A,28.64399342,#N/A
73.84966968,76.33243846,26.58443396,34.63371238
73.84966968,75.41511227,26.58443396,30.84273641
73.84966968,76.77992395,26.58443396,30.72953968
73.84966968,80.56544756,26.58443396,26.92348143
73.84966968,76.33989659,26.58443396,29.19864358
73.84966968,77.11437715,26.58443396,28.64399342
73.84966968,73.84966968,26.58443396,26.58443396
73.84966968,79.20652979,26.58443396,30.15671305
73.84966968,85.60953247,26.58443396,25.67923918
73.84966968,88.4741533,26.58443396,27.57033606
73.84966968,94.67558849,26.58443396,28.03614313
73.84966968,94.46747289,26.58443396,26.06285728
73.84966968,93.87771148,26.58443396,24.73536481
73.84966968,92.83318176,26.58443396,23.30762901
73.84966968,91.74111371,26.58443396,23.74742752
73.84966968,91.27773988,26.58443396,25.53600199
73.84966968,92.82711013,26.58443396,26.35555846
73.84966968,87.98549287,26.58443396,23.80544792
73.84966968,85.56426683,26.58443396,23.65610605
73.84966968,84.43079273,26.58443396,20.51269293
73.84966968,82.04110311,26.58443396,21.26650484
73.84966968,78.28926027,26.58443396,23.53787145
73.84966968,71.59969939,26.58443396,22.68350602
73.84966968,72.21907478,26.58443396,20.51579461
73.84966968,73.06896755,26.58443396,20.1941485
73.84966968,76.10762442,26.58443396,19.45157685
73.84966968,79.57313889,26.58443396,16.59309563
73.84966968,76.16681726,26.58443396,14.71046095
73.84966968,74.04940785,26.58443396,15.36400472
73.84966968,72.9623108,26.58443396,9.985515104
73.84966968,76.4077955,26.58443396,10.45270542
73.84966968,78.40792811,26.58443396,11.01707933
73.84966968,79.91431909,26.58443396,11.95185154
73.84966968,92.9608613,26.58443396,11.18065072
73.84966968,#N/A,26.58443396,#N/A
73.84966968,#N/A,26.58443396,#N/A
73.84966968,#N/A,26.58443396,#N/A
73.84966968,#N/A,26.58443396,#N/A
73.84966968,#N/A,26.58443396,#N/A
79.20652979,76.33243846,30.15671305,34.63371238
79.20652979,75.41511227,30.15671305,30.84273641
79.20652979,76.77992395,30.15671305,30.72953968
79.20652979,80.56544756,30.15671305,26.92348143
79.20652979,76.33989659,30.15671305,29.19864358
79.20652979,77.11437715,30.15671305,28.64399342
79.20652979,73.84966968,30.15671305,26.58443396
79.20652979,79.20652979,30.15671305,30.15671305
79.20652979,85.60953247,30.15671305,25.67923918
79.20652979,88.4741533,30.15671305,27.57033606
79.20652979,94.67558849,30.15671305,28.03614313
79.20652979,94.46747289,30.15671305,26.06285728
79.20652979,93.87771148,30.15671305,24.73536481
79.20652979,92.83318176,30.15671305,23.30762901
79.20652979,91.74111371,30.15671305,23.74742752
79.20652979,91.27773988,30.15671305,25.53600199
79.20652979,92.82711013,30.15671305,26.35555846
79.20652979,87.98549287,30.15671305,23.80544792
79.20652979,85.56426683,30.15671305,23.65610605
79.20652979,84.43079273,30.15671305,20.51269293
79.20652979,82.04110311,30.15671305,21.26650484
79.20652979,78.28926027,30.15671305,23.53787145
79.20652979,71.59969939,30.15671305,22.68350602
79.20652979,72.21907478,30.15671305,20.51579461
79.20652979,73.06896755,30.15671305,20.1941485
79.20652979,76.10762442,30.15671305,19.45157685
79.20652979,79.57313889,30.15671305,16.59309563
79.20652979,76.16681726,30.15671305,14.71046095
79.20652979,74.04940785,30.15671305,15.36400472
79.20652979,72.9623108,30.15671305,9.985515104
79.20652979,76.4077955,30.15671305,10.45270542
79.20652979,78.40792811,30.15671305,11.01707933
79.20652979,79.91431909,30.15671305,11.95185154
79.20652979,92.9608613,30.15671305,11.18065072
79.20652979,#N/A,30.15671305,#N/A
79.20652979,#N/A,30.15671305,#N/A
79.20652979,#N/A,30.15671305,#N/A
79.20652979,#N/A,30.15671305,#N/A
79.20652979,#N/A,30.15671305,#N/A
85.60953247,76.33243846,25.67923918,34.63371238
85.60953247,75.41511227,25.67923918,30.84273641
85.60953247,76.77992395,25.67923918,30.72953968
85.60953247,80.56544756,25.67923918,26.92348143
85.60953247,76.33989659,25.67923918,29.19864358
85.60953247,77.11437715,25.67923918,28.64399342
85.60953247,73.84966968,25.67923918,26.58443396
85.60953247,79.20652979,25.67923918,30.15671305
85.60953247,85.60953247,25.67923918,25.67923918
85.60953247,88.4741533,25.67923918,27.57033606
85.60953247,94.67558849,25.67923918,28.03614313
85.60953247,94.46747289,25.67923918,26.06285728
85.60953247,93.87771148,25.67923918,24.73536481
85.60953247,92.83318176,25.67923918,23.30762901
85.60953247,91.74111371,25.67923918,23.74742752
85.60953247,91.27773988,25.67923918,25.53600199
85.60953247,92.82711013,25.67923918,26.35555846
85.60953247,87.98549287,25.67923918,23.80544792
85.60953247,85.56426683,25.67923918,23.65610605
85.60953247,84.43079273,25.67923918,20.51269293
85.60953247,82.04110311,25.67923918,21.26650484
85.60953247,78.28926027,25.67923918,23.53787145
85.60953247,71.59969939,25.67923918,22.68350602
85.60953247,72.21907478,25.67923918,20.51579461
85.60953247,73.06896755,25.67923918,20.1941485
85.60953247,76.10762442,25.67923918,19.45157685
85.60953247,79.57313889,25.67923918,16.59309563
85.60953247,76.16681726,25.67923918,14.71046095
85.60953247,74.04940785,25.67923918,15.36400472
85.60953247,72.9623108,25.67923918,9.985515104
85.60953247,76.4077955,25.67923918,10.45270542
85.60953247,78.40792811,25.67923918,11.01707933
85.60953247,79.91431909,25.67923918,11.95185154
85.60953247,92.9608613,25.67923918,11.18065072
85.60953247,#N/A,25.67923918,#N/A
85.60953247,#N/A,25.67923918,#N/A
85.60953247,#N/A,25.67923918,#N/A
85.60953247,#N/A,25.67923918,#N/A
85.60953247,#N/A,25.67923918,#N/A
88.4741533,76.33243846,27.57033606,34.63371238
88.4741533,75.41511227,27.57033606,30.84273641
88.4741533,76.77992395,27.57033606,30.72953968
88.4741533,80.56544756,27.57033606,26.92348143
88.4741533,76.33989659,27.57033606,29.19864358
88.4741533,77.11437715,27.57033606,28.64399342
88.4741533,73.84966968,27.57033606,26.58443396
88.4741533,79.20652979,27.57033606,30.15671305
88.4741533,85.60953247,27.57033606,25.67923918
88.4741533,88.4741533,27.57033606,27.57033606
88.4741533,94.67558849,27.57033606,28.03614313
88.4741533,94.46747289,27.57033606,26.06285728
88.4741533,93.87771148,27.57033606,24.73536481
88.4741533,92.83318176,27.57033606,23.30762901
88.4741533,91.74111371,27.57033606,23.74742752
88.4741533,91.27773988,27.57033606,25.53600199
88.4741533,92.82711013,27.57033606,26.35555846
88.4741533,87.98549287,27.57033606,23.80544792
88.4741533,85.56426683,27.57033606,23.65610605
88.4741533,84.43079273,27.57033606,20.51269293
88.4741533,82.04110311,27.57033606,21.26650484
88.4741533,78.28926027,27.57033606,23.53787145
88.4741533,71.59969939,27.57033606,22.68350602
88.4741533,72.21907478,27.57033606,20.51579461
88.4741533,73.06896755,27.57033606,20.1941485
88.4741533,76.10762442,27.57033606,19.45157685
88.4741533,79.57313889,27.57033606,16.59309563
88.4741533,76.16681726,27.57033606,14.71046095
88.4741533,74.04940785,27.57033606,15.36400472
88.4741533,72.9623108,27.57033606,9.985515104
88.4741533,76.4077955,27.57033606,10.45270542
88.4741533,78.40792811,27.57033606,11.01707933
88.4741533,79.91431909,27.57033606,11.95185154
88.4741533,92.9608613,27.57033606,11.18065072
88.4741533,#N/A,27.57033606,#N/A
88.4741533,#N/A,27.57033606,#N/A
88.4741533,#N/A,27.57033606,#N/A
88.4741533,#N/A,27.57033606,#N/A
88.4741533,#N/A,27.57033606,#N/A
94.67558849,76.33243846,28.03614313,34.63371238
94.67558849,75.41511227,28.03614313,30.84273641
94.67558849,76.77992395,28.03614313,30.72953968
94.67558849,80.56544756,28.03614313,26.92348143
94.67558849,76.33989659,28.03614313,29.19864358
94.67558849,77.11437715,28.03614313,28.64399342
94.67558849,73.84966968,28.03614313,26.58443396
94.67558849,79.20652979,28.03614313,30.15671305
94.67558849,85.60953247,28.03614313,25.67923918
94.67558849,88.4741533,28.03614313,27.57033606
94.67558849,94.67558849,28.03614313,28.03614313
94.67558849,94.46747289,28.03614313,26.06285728
94.67558849,93.87771148,28.03614313,24.73536481
94.67558849,92.83318176,28.03614313,23.30762901
94.67558849,91.74111371,28.03614313,23.74742752
94.67558849,91.27773988,28.03614313,25.53600199
94.67558849,92.82711013,28.03614313,26.35555846
94.67558849,87.98549287,28.03614313,23.80544792
94.67558849,85.56426683,28.03614313,23.65610605
94.67558849,84.43079273,28.03614313,20.51269293
94.67558849,82.04110311,28.03614313,21.26650484
94.67558849,78.28926027,28.03614313,23.53787145
94.67558849,71.59969939,28.03614313,22.68350602
94.67558849,72.21907478,28.03614313,20.51579461
94.67558849,73.06896755,28.03614313,20.1941485
94.67558849,76.10762442,28.03614313,19.45157685
94.67558849,79.57313889,28.03614313,16.59309563
94.67558849,76.16681726,28.03614313,14.71046095
94.67558849,74.04940785,28.03614313,15.36400472
94.67558849,72.9623108,28.03614313,9.985515104
94.67558849,76.4077955,28.03614313,10.45270542
94.67558849,78.40792811,28.03614313,11.01707933
94.67558849,79.91431909,28.03614313,11.95185154
94.67558849,92.9608613,28.03614313,11.18065072
94.67558849,#N/A,28.03614313,#N/A
94.67558849,#N/A,28.03614313,#N/A
94.67558849,#N/A,28.03614313,#N/A
94.67558849,#N/A,28.03614313,#N/A
94.67558849,#N/A,28.03614313,#N/A
94.46747289,76.33243846,26.06285728,34.63371238
94.46747289,75.41511227,26.06285728,30.84273641
94.46747289,76.77992395,26.06285728,30.72953968
94.46747289,80.56544756,26.06285728,26.92348143
94.46747289,76.33989659,26.06285728,29.19864358
94.46747289,77.11437715,26.06285728,28.64399342
94.46747289,73.84966968,26.06285728,26.58443396
94.46747289,79.20652979,26.06285728,30.15671305
94.46747289,85.60953247,26.06285728,25.67923918
94.46747289,88.4741533,26.06285728,27.57033606
94.46747289,94.67558849,26.06285728,28.03614313
94.46747289,94.46747289,26.06285728,26.06285728
94.46747289,93.87771148,26.06285728,24.73536481
94.46747289,92.83318176,26.06285728,23.30762901
94.46747289,91.74111371,26.06285728,23.74742752
94.46747289,91.27773988,26.06285728,25.53600199
94.46747289,92.82711013,26.06285728,26.35555846
94.46747289,87.98549287,26.06285728,23.80544792
94.46747289,85.56426683,26.06285728,23.65610605
94.46747289,84.43079273,26.06285728,20.51269293
94.46747289,82.04110311,26.06285728,21.26650484
94.46747289,78.28926027,26.06285728,23.53787145
94.46747289,71.59969939,26.06285728,22.68350602
94.46747289,72.21907478,26.06285728,20.51579461
94.46747289,73.06896755,26.06285728,20.1941485
94.46747289,76.10762442,26.06285728,19.45157685
94.46747289,79.57313889,26.06285728,16.59309563
94.46747289,76.16681726,26.06285728,14.71046095
94.46747289,74.04940785,26.06285728,15.36400472
94.46747289,72.9623108,26.06285728,9.985515104
94.46747289,76.4077955,26.06285728,10.45270542
94.46747289,78.40792811,26.06285728,11.01707933
94.46747289,79.91431909,26.06285728,11.95185154
94.46747289,92.9608613,26.06285728,11.18065072
94.46747289,#N/A,26.06285728,#N/A
94.46747289,#N/A,26.06285728,#N/A
94.46747289,#N/A,26.06285728,#N/A
94.46747289,#N/A,26.06285728,#N/A
94.46747289,#N/A,26.06285728,#N/A
93.87771148,76.33243846,24.73536481,34.63371238
93.87771148,75.41511227,24.73536481,30.84273641
93.87771148,76.77992395,24.73536481,30.72953968
93.87771148,80.56544756,24.73536481,26.92348143
93.87771148,76.33989659,24.73536481,29.19864358
93.87771148,77.11437715,24.73536481,28.64399342
93.87771148,73.84966968,24.73536481,26.58443396
93.87771148,79.20652979,24.73536481,30.15671305
93.87771148,85.60953247,24.73536481,25.67923918
93.87771148,88.4741533,24.73536481,27.57033606
93.87771148,94.67558849,24.73536481,28.03614313
93.87771148,94.46747289,24.73536481,26.06285728
93.87771148,93.87771148,24.73536481,24.73536481
93.87771148,92.83318176,24.73536481,23.30762901
93.87771148,91.74111371,24.73536481,23.74742752
93.87771148,91.27773988,24.73536481,25.53600199
93.87771148,92.82711013,24.73536481,26.35555846
93.87771148,87.98549287,24.73536481,23.80544792
93.87771148,85.56426683,24.73536481,23.65610605
93.87771148,84.43079273,24.73536481,20.51269293
93.87771148,82.04110311,24.73536481,21.26650484
93.87771148,78.28926027,24.73536481,23.53787145
93.87771148,71.59969939,24.73536481,22.68350602
93.87771148,72.21907478,24.73536481,20.51579461
93.87771148,73.06896755,24.73536481,20.1941485
93.87771148,76.10762442,24.73536481,19.45157685
93.87771148,79.57313889,24.73536481,16.59309563
93.87771148,76.16681726,24.73536481,14.71046095
93.87771148,74.04940785,24.73536481,15.36400472
93.87771148,72.9623108,24.73536481,9.985515104
93.87771148,76.4077955,24.73536481,10.45270542
93.87771148,78.40792811,24.73536481,11.01707933
93.87771148,79.91431909,24.73536481,11.95185154
93.87771148,92.9608613,24.73536481,11.18065072
93.87771148,#N/A,24.73536481,#N/A
93.87771148,#N/A,24.73536481,#N/A
93.87771148,#N/A,24.73536481,#N/A
93.87771148,#N/A,24.73536481,#N/A
93.87771148,#N/A,24.73536481,#N/A
92.83318176,76.33243846,23.30762901,34.63371238
92.83318176,75.41511227,23.30762901,30.84273641
92.83318176,76.77992395,23.30762901,30.72953968
92.83318176,80.56544756,23.30762901,26.92348143
92.83318176,76.33989659,23.30762901,29.19864358
92.83318176,77.11437715,23.30762901,28.64399342
92.83318176,73.84966968,23.30762901,26.58443396
92.83318176,79.20652979,23.30762901,30.15671305
92.83318176,85.60953247,23.30762901,25.67923918
92.83318176,88.4741533,23.30762901,27.57033606
92.83318176,94.67558849,23.30762901,28.03614313
92.83318176,94.46747289,23.30762901,26.06285728
92.83318176,93.87771148,23.30762901,24.73536481
92.83318176,92.83318176,23.30762901,23.30762901
92.83318176,91.74111371,23.30762901,23.74742752
92.83318176,91.27773988,23.30762901,25.53600199
92.83318176,92.82711013,23.30762901,26.35555846
92.83318176,87.98549287,23.30762901,23.80544792
92.83318176,85.56426683,23.30762901,23.65610605
92.83318176,84.43079273,23.30762901,20.51269293
92.83318176,82.04110311,23.30762901,21.26650484
92.83318176,78.28926027,23.30762901,23.53787145
92.83318176,71.59969939,23.30762901,22.68350602
92.83318176,72.21907478,23.30762901,20.51579461
92.83318176,73.06896755,23.30762901,20.1941485
92.83318176,76.10762442,23.30762901,19.45157685
92.83318176,79.57313889,23.30762901,16.59309563
92.83318176,76.16681726,23.30762901,14.71046095
92.83318176,74.04940785,23.30762901,15.36400472
92.83318176,72.9623108,23.30762901,9.985515104
92.83318176,76.4077955,23.30762901,10.45270542
92.83318176,78.40792811,23.30762901,11.01707933
92.83318176,79.91431909,23.30762901,11.95185154
92.83318176,92.9608613,23.30762901,11.18065072
92.83318176,#N/A,23.30762901,#N/A
92.83318176,#N/A,23.30762901,#N/A
92.83318176,#N/A,23.30762901,#N/A
92.83318176,#N/A,23.30762901,#N/A
92.83318176,#N/A,23.30762901,#N/A
91.74111371,76.33243846,23.74742752,34.63371238
91.74111371,75.41511227,23.74742752,30.84273641
91.74111371,76.77992395,23.74742752,30.72953968
91.74111371,80.56544756,23.74742752,26.92348143
91.74111371,76.33989659,23.74742752,29.19864358
91.74111371,77.11437715,23.74742752,28.64399342
91.74111371,73.84966968,23.74742752,26.58443396
91.74111371,79.20652979,23.74742752,30.15671305
91.74111371,85.60953247,23.74742752,25.67923918
91.74111371,88.4741533,23.74742752,27.57033606
91.74111371,94.67558849,23.74742752,28.03614313
91.74111371,94.46747289,23.74742752,26.06285728
91.74111371,93.87771148,23.74742752,24.73536481
91.74111371,92.83318176,23.74742752,23.30762901
91.74111371,91.74111371,23.74742752,23.74742752
91.74111371,91.27773988,23.74742752,25.53600199
91.74111371,92.82711013,23.74742752,26.35555846
91.74111371,87.98549287,23.74742752,23.80544792
91.74111371,85.56426683,23.74742752,23.65610605
91.74111371,84.43079273,23.74742752,20.51269293
91.74111371,82.04110311,23.74742752,21.26650484
91.74111371,78.28926027,23.74742752,23.53787145
91.74111371,71.59969939,23.74742752,22.68350602
91.74111371,72.21907478,23.74742752,20.51579461
91.74111371,73.06896755,23.74742752,20.1941485
91.74111371,76.10762442,23.74742752,19.45157685
91.74111371,79.57313889,23.74742752,16.59309563
91.74111371,76.16681726,23.74742752,14.71046095
91.74111371,74.04940785,23.74742752,15.36400472
91.74111371,72.9623108,23.74742752,9.985515104
91.74111371,76.4077955,23.74742752,10.45270542
91.74111371,78.40792811,23.74742752,11.01707933
91.74111371,79.91431909,23.74742752,11.95185154
91.74111371,92.9608613,23.74742752,11.18065072
91.74111371,#N/A,23.74742752,#N/A
91.74111371,#N/A,23.74742752,#N/A
91.74111371,#N/A,23.74742752,#N/A
91.74111371,#N/A,23.74742752,#N/A
91.74111371,#N/A,23.74742752,#N/A
91.27773988,76.33243846,25.53600199,34.63371238
91.27773988,75.41511227,25.53600199,30.84273641
91.27773988,76.77992395,25.53600199,30.72953968
91.27773988,80.56544756,25.53600199,26.92348143
91.27773988,76.33989659,25.53600199,29.19864358
91.27773988,77.11437715,25.53600199,28.64399342
91.27773988,73.84966968,25.53600199,26.58443396
91.27773988,79.20652979,25.53600199,30.15671305
91.27773988,85.60953247,25.53600199,25.67923918
91.27773988,88.4741533,25.53600199,27.57033606
91.27773988,94.67558849,25.53600199,28.03614313
91.27773988,94.46747289,25.53600199,26.06285728
91.27773988,93.87771148,25.53600199,24.73536481
91.27773988,92.83318176,25.53600199,23.30762901
91.27773988,91.74111371,25.53600199,23.74742752
91.27773988,91.27773988,25.53600199,25.53600199
91.27773988,92.82711013,25.53600199,26.35555846
91.27773988,87.98549287,25.53600199,23.80544792
91.27773988,85.56426683,25.53600199,23.65610605
91.27773988,84.43079273,25.53600199,20.51269293
91.27773988,82.04110311,25.53600199,21.26650484
91.27773988,78.28926027,25.53600199,23.53787145
91.27773988,71.59969939,25.53600199,22.68350602
91.27773988,72.21907478,25.53600199,20.51579461
91.27773988,73.06896755,25.53600199,20.1941485
91.27773988,76.10762442,25.53600199,19.45157685
91.27773988,79.57313889,25.53600199,16.59309563
91.27773988,76.16681726,25.53600199,14.71046095
91.27773988,74.04940785,25.53600199,15.36400472
91.27773988,72.9623108,25.53600199,9.985515104
91.27773988,76.4077955,25.53600199,10.45270542
91.27773988,78.40792811,25.53600199,11.01707933
91.27773988,79.91431909,25.53600199,11.95185154
91.27773988,92.9608613,25.53600199,11.18065072
91.27773988,#N/A,25.53600199,#N/A
91.27773988,#N/A,25.53600199,#N/A
91.27773988,#N/A,25.53600199,#N/A
91.27773988,#N/A,25.53600199,#N/A
91.27773988,#N/A,25.53600199,#N/A
92.82711013,76.33243846,26.35555846,34.63371238
92.82711013,75.41511227,26.35555846,30.84273641
92.82711013,76.77992395,26.35555846,30.72953968
92.82711013,80.56544756,26.35555846,26.92348143
92.82711013,76.33989659,26.35555846,29.19864358
92.82711013,77.11437715,26.35555846,28.64399342
92.82711013,73.84966968,26.35555846,26.58443396
92.82711013,79.20652979,26.35555846,30.15671305
92.82711013,85.60953247,26.35555846,25.67923918
92.82711013,88.4741533,26.35555846,27.57033606
92.82711013,94.67558849,26.35555846,28.03614313
92.82711013,94.46747289,26.35555846,26.06285728
92.82711013,93.87771148,26.35555846,24.73536481
92.82711013,92.83318176,26.35555846,23.30762901
92.82711013,91.74111371,26.35555846,23.74742752
92.82711013,91.27773988,26.35555846,25.53600199
92.82711013,92.82711013,26.35555846,26.35555846
92.82711013,87.98549287,26.35555846,23.80544792
92.82711013,85.56426683,26.35555846,23.65610605
92.82711013,84.43079273,26.35555846,20.51269293
92.82711013,82.04110311,26.35555846,21.26650484
92.82711013,78.28926027,26.35555846,23.53787145
92.82711013,71.59969939,26.35555846,22.68350602
92.82711013,72.21907478,26.35555846,20.51579461
92.82711013,73.06896755,26.35555846,20.1941485
92.82711013,76.10762442,26.35555846,19.45157685
92.82711013,79.57313889,26.35555846,16.59309563
92.82711013,76.16681726,26.35555846,14.71046095
92.82711013,74.04940785,26.35555846,15.36400472
92.82711013,72.9623108,26.35555846,9.985515104
92.82711013,76.4077955,26.35555846,10.45270542
92.82711013,78.40792811,26.35555846,11.01707933
92.82711013,79.91431909,26.35555846,11.95185154
92.82711013,92.9608613,26.35555846,11.18065072
92.82711013,#N/A,26.35555846,#N/A
92.82711013,#N/A,26.35555846,#N/A
92.82711013,#N/A,26.35555846,#N/A
92.82711013,#N/A,26.35555846,#N/A
92.82711013,#N/A,26.35555846,#N/A
87.98549287,76.33243846,23.80544792,34.63371238
87.98549287,75.41511227,23.80544792,30.84273641
87.98549287,76.77992395,23.80544792,30.72953968
87.98549287,80.56544756,23.80544792,26.92348143
87.98549287,76.33989659,23.80544792,29.19864358
87.98549287,77.11437715,23.80544792,28.64399342
87.98549287,73.84966968,23.80544792,26.58443396
87.98549287,79.20652979,23.80544792,30.15671305
87.98549287,85.60953247,23.80544792,25.67923918
87.98549287,88.4741533,23.80544792,27.57033606
87.98549287,94.67558849,23.80544792,28.03614313
87.98549287,94.46747289,23.80544792,26.06285728
87.98549287,93.87771148,23.80544792,24.73536481
87.98549287,92.83318176,23.80544792,23.30762901
87.98549287,91.74111371,23.80544792,23.74742752
87.98549287,91.27773988,23.80544792,25.53600199
87.98549287,92.82711013,23.80544792,26.35555846
87.98549287,87.98549287,23.80544792,23.80544792
87.98549287,85.56426683,23.80544792,23.65610605
87.98549287,84.43079273,23.80544792,20.51269293
87.98549287,82.04110311,23.80544792,21.26650484
87.98549287,78.28926027,23.80544792,23.53787145
87.98549287,71.59969939,23.80544792,22.68350602
87.98549287,72.21907478,23.80544792,20.51579461
87.98549287,73.06896755,23.80544792,20.1941485
87.98549287,76.10762442,23.80544792,19.45157685
87.98549287,79.57313889,23.80544792,16.59309563
87.98549287,76.16681726,23.80544792,14.71046095
87.98549287,74.04940785,23.80544792,15.36400472
87.98549287,72.9623108,23.80544792,9.985515104
87.98549287,76.4077955,23.80544792,10.45270542
87.98549287,78.40792811,23.80544792,11.01707933
87.98549287,79.91431909,23.80544792,11.95185154
87.98549287,92.9608613,23.80544792,11.18065072
87.98549287,#N/A,23.80544792,#N/A
87.98549287,#N/A,23.80544792,#N/A
87.98549287,#N/A,23.80544792,#N/A
87.98549287,#N/A,23.80544792,#N/A
87.98549287,#N/A,23.80544792,#N/A
85.56426683,76.33243846,23.65610605,34.63371238
85.56426683,75.41511227,23.65610605,30.84273641
85.56426683,76.77992395,23.65610605,30.72953968
85.56426683,80.56544756,23.65610605,26.92348143
85.56426683,76.33989659,23.65610605,29.19864358
85.56426683,77.11437715,23.65610605,28.64399342
85.56426683,73.84966968,23.65610605,26.58443396
85.56426683,79.20652979,23.65610605,30.15671305
85.56426683,85.60953247,23.65610605,25.67923918
85.56426683,88.4741533,23.65610605,27.57033606
85.56426683,94.67558849,23.65610605,28.03614313
85.56426683,94.46747289,23.65610605,26.06285728
85.56426683,93.87771148,23.65610605,24.73536481
85.56426683,92.83318176,23.65610605,23.30762901
85.56426683,91.74111371,23.65610605,23.74742752
85.56426683,91.27773988,23.65610605,25.53600199
85.56426683,92.82711013,23.65610605,26.35555846
85.56426683,87.98549287,23.65610605,23.80544792
85.56426683,85.56426683,23.65610605,23.65610605
85.56426683,84.43079273,23.65610605,20.51269293
85.56426683,82.04110311,23.65610605,21.26650484
85.56426683,78.28926027,23.65610605,23.53787145
85.56426683,71.59969939,23.65610605,22.68350602
85.56426683,72.21907478,23.65610605,20.51579461
85.56426683,73.06896755,23.65610605,20.1941485
85.56426683,76.10762442,23.65610605,19.45157685
85.56426683,79.57313889,23.65610605,16.59309563
85.56426683,76.16681726,23.65610605,14.71046095
85.56426683,74.04940785,23.65610605,15.36400472
85.56426683,72.9623108,23.65610605,9.985515104
85.56426683,76.4077955,23.65610605,10.45270542
85.56426683,78.40792811,23.65610605,11.01707933
85.56426683,79.91431909,23.65610605,11.95185154
85.56426683,92.9608613,23.65610605,11.18065072
85.56426683,#N/A,23.65610605,#N/A
85.56426683,#N/A,23.65610605,#N/A
85.56426683,#N/A,23.65610605,#N/A
85.56426683,#N/A,23.65610605,#N/A
85.56426683,#N/A,23.65610605,#N/A
84.43079273,76.33243846,20.51269293,34.63371238
84.43079273,75.41511227,20.51269293,30.84273641
84.43079273,76.77992395,20.51269293,30.72953968
84.43079273,80.56544756,20.51269293,26.92348143
84.43079273,76.33989659,20.51269293,29.19864358
84.43079273,77.11437715,20.51269293,28.64399342
84.43079273,73.84966968,20.51269293,26.58443396
84.43079273,79.20652979,20.51269293,30.15671305
84.43079273,85.60953247,20.51269293,25.67923918
84.43079273,88.4741533,20.51269293,27.57033606
84.43079273,94.67558849,20.51269293,28.03614313
84.43079273,94.46747289,20.51269293,26.06285728
84.43079273,93.87771148,20.51269293,24.73536481
84.43079273,92.83318176,20.51269293,23.30762901
84.43079273,91.74111371,20.51269293,23.74742752
84.43079273,91.27773988,20.51269293,25.53600199
84.43079273,92.82711013,20.51269293,26.35555846
84.43079273,87.98549287,20.51269293,23.80544792
84.43079273,85.56426683,20.51269293,23.65610605
84.43079273,84.43079273,20.51269293,20.51269293
84.43079273,82.04110311,20.51269293,21.26650484
84.43079273,78.28926027,20.51269293,23.53787145
84.43079273,71.59969939,20.51269293,22.68350602
84.43079273,72.21907478,20.51269293,20.51579461
84.43079273,73.06896755,20.51269293,20.1941485
84.43079273,76.10762442,20.51269293,19.45157685
84.43079273,79.57313889,20.51269293,16.59309563
84.43079273,76.16681726,20.51269293,14.71046095
84.43079273,74.04940785,20.51269293,15.36400472
84.43079273,72.9623108,20.51269293,9.985515104
84.43079273,76.4077955,20.51269293,10.45270542
84.43079273,78.40792811,20.51269293,11.01707933
84.43079273,79.91431909,20.51269293,11.95185154
84.43079273,92.9608613,20.51269293,11.18065072
84.43079273,#N/A,20.51269293,#N/A
84.43079273,#N/A,20.51269293,#N/A
84.43079273,#N/A,20.51269293,#N/A
84.43079273,#N/A,20.51269293,#N/A
84.43079273,#N/A,20.51269293,#N/A
82.04110311,76.33243846,21.26650484,34.63371238
82.04110311,75.41511227,21.26650484,30.84273641
82.04110311,76.77992395,21.26650484,30.72953968
82.04110311,80.56544756,21.26650484,26.92348143
82.04110311,76.33989659,21.26650484,29.19864358
82.04110311,77.11437715,21.26650484,28.64399342
82.04110311,73.84966968,21.26650484,26.58443396
82.04110311,79.20652979,21.26650484,30.15671305
82.04110311,85.60953247,21.26650484,25.67923918
82.04110311,88.4741533,21.26650484,27.57033606
82.04110311,94.67558849,21.26650484,28.03614313
82.04110311,94.46747289,21.26650484,26.06285728
82.04110311,93.87771148,21.26650484,24.73536481
82.04110311,92.83318176,21.26650484,23.30762901
82.04110311,91.74111371,21.26650484,23.74742752
82.04110311,91.27773988,21.26650484,25.53600199
82.04110311,92.82711013,21.26650484,26.35555846
82.04110311,87.98549287,21.26650484,23.80544792
82.04110311,85.56426683,21.26650484,23.65610605
82.04110311,84.43079273,21.26650484,20.51269293
82.04110311,82.04110311,21.26650484,21.26650484
82.04110311,78.28926027,21.26650484,23.53787145
82.04110311,71.59969939,21.26650484,22.68350602
82.04110311,72.21907478,21.26650484,20.51579461
82.04110311,73.06896755,21.26650484,20.1941485
82.04110311,76.10762442,21.26650484,19.45157685
82.04110311,79.57313889,21.26650484,16.59309563
82.04110311,76.16681726,21.26650484,14.71046095
82.04110311,74.04940785,21.26650484,15.36400472
82.04110311,72.9623108,21.26650484,9.985515104
82.04110311,76.4077955,21.26650484,10.45270542
82.04110311,78.40792811,21.26650484,11.01707933
82.04110311,79.91431909,21.26650484,11.95185154
82.04110311,92.9608613,21.26650484,11.18065072
82.04110311,#N/A,21.26650484,#N/A
82.04110311,#N/A,21.26650484,#N/A
82.04110311,#N/A,21.26650484,#N/A
82.04110311,#N/A,21.26650484,#N/A
82.04110311,#N/A,21.26650484,#N/A
78.28926027,76.33243846,23.53787145,34.63371238
78.28926027,75.41511227,23.53787145,30.84273641
78.28926027,76.77992395,23.53787145,30.72953968
78.28926027,80.56544756,23.53787145,26.92348143
78.28926027,76.33989659,23.53787145,29.19864358
78.28926027,77.11437715,23.53787145,28.64399342
78.28926027,73.84966968,23.53787145,26.58443396
78.28926027,79.20652979,23.53787145,30.15671305
78.28926027,85.60953247,23.53787145,25.67923918
78.28926027,88.4741533,23.53787145,27.57033606
78.28926027,94.67558849,23.53787145,28.03614313
78.28926027,94.46747289,23.53787145,26.06285728
78.28926027,93.87771148,23.53787145,24.73536481
78.28926027,92.83318176,23.53787145,23.30762901
78.28926027,91.74111371,23.53787145,23.74742752
78.28926027,91.27773988,23.53787145,25.53600199
78.28926027,92.82711013,23.53787145,26.35555846
78.28926027,87.98549287,23.53787145,23.80544792
78.28926027,85.56426683,23.53787145,23.65610605
78.28926027,84.43079273,23.53787145,20.51269293
78.28926027,82.04110311,23.53787145,21.26650484
78.28926027,78.28926027,23.53787145,23.53787145
78.28926027,71.59969939,23.53787145,22.68350602
78.28926027,72.21907478,23.53787145,20.51579461
78.28926027,73.06896755,23.53787145,20.1941485
78.28926027,76.10762442,23.53787145,19.45157685
78.28926027,79.57313889,23.53787145,16.59309563
78.28926027,76.16681726,23.53787145,14.71046095
78.28926027,74.04940785,23.53787145,15.36400472
78.28926027,72.9623108,23.53787145,9.985515104
78.28926027,76.4077955,23.53787145,10.45270542
78.28926027,78.40792811,23.53787145,11.01707933
78.28926027,79.91431909,23.53787145,11.95185154
78.28926027,92.9608613,23.53787145,11.18065072
78.28926027,#N/A,23.53787145,#N/A
78.28926027,#N/A,23.53787145,#N/A
78.28926027,#N/A,23.53787145,#N/A
78.28926027,#N/A,23.53787145,#N/A
78.28926027,#N/A,23.53787145,#N/A
71.59969939,76.33243846,22.68350602,34.63371238
71.59969939,75.41511227,22.68350602,30.84273641
71.59969939,76.77992395,22.68350602,30.72953968
71.59969939,80.56544756,22.68350602,26.92348143
71.59969939,76.33989659,22.68350602,29.19864358
71.59969939,77.11437715,22.68350602,28.64399342
71.59969939,73.84966968,22.68350602,26.58443396
71.59969939,79.20652979,22.68350602,30.15671305
71.59969939,85.60953247,22.68350602,25.67923918
71.59969939,88.4741533,22.68350602,27.57033606
71.59969939,94.67558849,22.68350602,28.03614313
71.59969939,94.46747289,22.68350602,26.06285728
71.59969939,93.87771148,22.68350602,24.73536481
71.59969939,92.83318176,22.68350602,23.30762901
71.59969939,91.74111371,22.68350602,23.74742752
71.59969939,91.27773988,22.68350602,25.53600199
71.59969939,92.82711013,22.68350602,26.35555846
71.59969939,87.98549287,22.68350602,23.80544792
71.59969939,85.56426683,22.68350602,23.65610605
71.59969939,84.43079273,22.68350602,20.51269293
71.59969939,82.04110311,22.68350602,21.26650484
71.59969939,78.28926027,22.68350602,23.53787145
71.59969939,71.59969939,22.68350602,22.68350602
71.59969939,72.21907478,22.68350602,20.51579461
71.59969939,73.06896755,22.68350602,20.1941485
71.59969939,76.10762442,22.68350602,19.45157685
71.59969939,79.57313889,22.68350602,16.59309563
71.59969939,76.16681726,22.68350602,14.71046095
71.59969939,74.04940785,22.68350602,15.36400472
71.59969939,72.9623108,22.68350602,9.985515104
71.59969939,76.4077955,22.68350602,10.45270542
71.59969939,78.40792811,22.68350602,11.01707933
71.59969939,79.91431909,22.68350602,11.95185154
71.59969939,92.9608613,22.68350602,11.18065072
71.59969939,#N/A,22.68350602,#N/A
71.59969939,#N/A,22.68350602,#N/A
71.59969939,#N/A,22.68350602,#N/A
71.59969939,#N/A,22.68350602,#N/A
71.59969939,#N/A,22.68350602,#N/A
72.21907478,76.33243846,20.51579461,34.63371238
72.21907478,75.41511227,20.51579461,30.84273641
72.21907478,76.77992395,20.51579461,30.72953968
72.21907478,80.56544756,20.51579461,26.92348143
72.21907478,76.33989659,20.51579461,29.19864358
72.21907478,77.11437715,20.51579461,28.64399342
72.21907478,73.84966968,20.51579461,26.58443396
72.21907478,79.20652979,20.51579461,30.15671305
72.21907478,85.60953247,20.51579461,25.67923918
72.21907478,88.4741533,20.51579461,27.57033606
72.21907478,94.67558849,20.51579461,28.03614313
72.21907478,94.46747289,20.51579461,26.06285728
72.21907478,93.87771148,20.51579461,24.73536481
72.21907478,92.83318176,20.51579461,23.30762901
72.21907478,91.74111371,20.51579461,23.74742752
72.21907478,91.27773988,20.51579461,25.53600199
72.21907478,92.82711013,20.51579461,26.35555846
72.21907478,87.98549287,20.51579461,23.80544792
72.21907478,85.56426683,20.51579461,23.65610605
72.21907478,84.43079273,20.51579461,20.51269293
72.21907478,82.04110311,20.51579461,21.26650484
72.21907478,78.28926027,20.51579461,23.53787145
72.21907478,71.59969939,20.51579461,22.68350602
72.21907478,72.21907478,20.51579461,20.51579461
72.21907478,73.06896755,20.51579461,20.1941485
72.21907478,76.10762442,20.51579461,19.45157685
72.21907478,79.57313889,20.51579461,16.59309563
72.21907478,76.16681726,20.51579461,14.71046095
72.21907478,74.04940785,20.51579461,15.36400472
72.21907478,72.9623108,20.51579461,9.985515104
72.21907478,76.4077955,20.51579461,10.45270542
72.21907478,78.40792811,20.51579461,11.01707933
72.21907478,79.91431909,20.51579461,11.95185154
72.21907478,92.9608613,20.51579461,11.18065072
72.21907478,#N/A,20.51579461,#N/A
72.21907478,#N/A,20.51579461,#N/A
72.21907478,#N/A,20.51579461,#N/A
72.21907478,#N/A,20.51579461,#N/A
72.21907478,#N/A,20.51579461,#N/A
73.06896755,76.33243846,20.1941485,34.63371238
73.06896755,75.41511227,20.1941485,30.84273641
73.06896755,76.77992395,20.1941485,30.72953968
73.06896755,80.56544756,20.1941485,26.92348143
73.06896755,76.33989659,20.1941485,29.19864358
73.06896755,77.11437715,20.1941485,28.64399342
73.06896755,73.84966968,20.1941485,26.58443396
73.06896755,79.20652979,20.1941485,30.15671305
73.06896755,85.60953247,20.1941485,25.67923918
73.06896755,88.4741533,20.1941485,27.57033606
73.06896755,94.67558849,20.1941485,28.03614313
73.06896755,94.46747289,20.1941485,26.06285728
73.06896755,93.87771148,20.1941485,24.73536481
73.06896755,92.83318176,20.1941485,23.30762901
73.06896755,91.74111371,20.1941485,23.74742752
73.06896755,91.27773988,20.1941485,25.53600199
73.06896755,92.82711013,20.1941485,26.35555846
73.06896755,87.98549287,20.1941485,23.80544792
73.06896755,85.56426683,20.1941485,23.65610605
73.06896755,84.43079273,20.1941485,20.51269293
73.06896755,82.04110311,20.1941485,21.26650484
73.06896755,78.28926027,20.1941485,23.53787145
73.06896755,71.59969939,20.1941485,22.68350602
73.06896755,72.21907478,20.1941485,20.51579461
73.06896755,73.06896755,20.1941485,20.1941485
73.06896755,76.10762442,20.1941485,19.45157685
73.06896755,79.57313889,20.1941485,16.59309563
73.06896755,76.16681726,20.1941485,14.71046095
73.06896755,74.04940785,20.1941485,15.36400472
73.06896755,72.9623108,20.1941485,9.985515104
73.06896755,76.4077955,20.1941485,10.45270542
73.06896755,78.40792811,20.1941485,11.01707933
73.06896755,79.91431909,20.1941485,11.95185154
73.06896755,92.9608613,20.1941485,11.18065072
73.06896755,#N/A,20.1941485,#N/A
73.06896755,#N/A,20.1941485,#N/A
73.06896755,#N/A,20.1941485,#N/A
73.06896755,#N/A,20.1941485,#N/A
73.06896755,#N/A,20.1941485,#N/A
76.10762442,76.33243846,19.45157685,34.63371238
76.10762442,75.41511227,19.45157685,30.84273641
76.10762442,76.77992395,19.45157685,30.72953968
76.10762442,80.56544756,19.45157685,26.92348143
76.10762442,76.33989659,19.45157685,29.19864358
76.10762442,77.11437715,19.45157685,28.64399342
76.10762442,73.84966968,19.45157685,26.58443396
76.10762442,79.20652979,19.45157685,30.15671305
76.10762442,85.60953247,19.45157685,25.67923918
76.10762442,88.4741533,19.45157685,27.57033606
76.10762442,94.67558849,19.45157685,28.03614313
76.10762442,94.46747289,19.45157685,26.06285728
76.10762442,93.87771148,19.45157685,24.73536481
76.10762442,92.83318176,19.45157685,23.30762901
76.10762442,91.74111371,19.45157685,23.74742752
76.10762442,91.27773988,19.45157685,25.53600199
76.10762442,92.82711013,19.45157685,26.35555846
76.10762442,87.98549287,19.45157685,23.80544792
76.10762442,85.56426683,19.45157685,23.65610605
76.10762442,84.43079273,19.45157685,20.51269293
76.10762442,82.04110311,19.45157685,21.26650484
76.10762442,78.28926027,19.45157685,23.53787145
76.10762442,71.59969939,19.45157685,22.68350602
76.10762442,72.21907478,19.45157685,20.51579461
76.10762442,73.06896755,19.45157685,20.1941485
76.10762442,76.10762442,19.45157685,19.45157685
76.10762442,79.57313889,19.45157685,16.59309563
76.10762442,76.16681726,19.45157685,14.71046095
76.10762442,74.04940785,19.45157685,15.36400472
76.10762442,72.9623108,19.45157685,9.985515104
76.10762442,76.4077955,19.45157685,10.45270542
76.10762442,78.40792811,19.45157685,11.01707933
76.10762442,79.91431909,19.45157685,11.95185154
76.10762442,92.9608613,19.45157685,11.18065072
76.10762442,#N/A,19.45157685,#N/A
76.10762442,#N/A,19.45157685,#N/A
76.10762442,#N/A,19.45157685,#N/A
76.10762442,#N/A,19.45157685,#N/A
76.10762442,#N/A,19.45157685,#N/A
79.57313889,76.33243846,16.59309563,34.63371238
79.57313889,75.41511227,16.59309563,30.84273641
79.57313889,76.77992395,16.59309563,30.72953968
79.57313889,80.56544756,16.59309563,26.92348143
79.57313889,76.33989659,16.59309563,29.19864358
79.57313889,77.11437715,16.59309563,28.64399342
79.57313889,73.84966968,16.59309563,26.58443396
79.57313889,79.20652979,16.59309563,30.15671305
79.57313889,85.60953247,16.59309563,25.67923918
79.57313889,88.4741533,16.59309563,27.57033606
79.57313889,94.67558849,16.59309563,28.03614313
79.57313889,94.46747289,16.59309563,26.06285728
79.57313889,93.87771148,16.59309563,24.73536481
79.57313889,92.83318176,16.59309563,23.30762901
79.57313889,91.74111371,16.59309563,23.74742752
79.57313889,91.27773988,16.59309563,25.53600199
79.57313889,92.82711013,16.59309563,26.35555846
79.57313889,87.98549287,16.59309563,23.80544792
79.57313889,85.56426683,16.59309563,23.65610605
79.57313889,84.43079273,16.59309563,20.51269293
79.57313889,82.04110311,16.59309563,21.26650484
79.57313889,78.28926027,16.59309563,23.53787145
79.57313889,71.59969939,16.59309563,22.68350602
79.57313889,72.21907478,16.59309563,20.51579461
79.57313889,73.06896755,16.59309563,20.1941485
79.57313889,76.10762442,16.59309563,19.45157685
79.57313889,79.57313889,16.59309563,16.59309563
79.57313889,76.16681726,16.59309563,14.71046095
79.57313889,74.04940785,16.59309563,15.36400472
79.57313889,72.9623108,16.59309563,9.985515104
79.57313889,76.4077955,16.59309563,10.45270542
79.57313889,78.40792811,16.59309563,11.01707933
79.57313889,79.91431909,16.59309563,11.95185154
79.57313889,92.9608613,16.59309563,11.18065072
79.57313889,#N/A,16.59309563,#N/A
79.57313889,#N/A,16.59309563,#N/A
79.57313889,#N/A,16.59309563,#N/A
79.57313889,#N/A,16.59309563,#N/A
79.57313889,#N/A,16.59309563,#N/A
76.16681726,76.33243846,14.71046095,34.63371238
76.16681726,75.41511227,14.71046095,30.84273641
76.16681726,76.77992395,14.71046095,30.72953968
76.16681726,80.56544756,14.71046095,26.92348143
76.16681726,76.33989659,14.71046095,29.19864358
76.16681726,77.11437715,14.71046095,28.64399342
76.16681726,73.84966968,14.71046095,26.58443396
76.16681726,79.20652979,14.71046095,30.15671305
76.16681726,85.60953247,14.71046095,25.67923918
76.16681726,88.4741533,14.71046095,27.57033606
76.16681726,94.67558849,14.71046095,28.03614313
76.16681726,94.46747289,14.71046095,26.06285728
76.16681726,93.87771148,14.71046095,24.73536481
76.16681726,92.83318176,14.71046095,23.30762901
76.16681726,91.74111371,14.71046095,23.74742752
76.16681726,91.27773988,14.71046095,25.53600199
76.16681726,92.82711013,14.71046095,26.35555846
76.16681726,87.98549287,14.71046095,23.80544792
76.16681726,85.56426683,14.71046095,23.65610605
76.16681726,84.43079273,14.71046095,20.51269293
76.16681726,82.04110311,14.71046095,21.26650484
76.16681726,78.28926027,14.71046095,23.53787145
76.16681726,71.59969939,14.71046095,22.68350602
76.16681726,72.21907478,14.71046095,20.51579461
76.16681726,73.06896755,14.71046095,20.1941485
76.16681726,76.10762442,14.71046095,19.45157685
76.16681726,79.57313889,14.71046095,16.59309563
76.16681726,76.16681726,14.71046095,14.71046095
76.16681726,74.04940785,14.71046095,15.36400472
76.16681726,72.9623108,14.71046095,9.985515104
76.16681726,76.4077955,14.71046095,10.45270542
76.16681726,78.40792811,14.71046095,11.01707933
76.16681726,79.91431909,14.71046095,11.95185154
76.16681726,92.9608613,14.71046095,11.18065072
76.16681726,#N/A,14.71046095,#N/A
76.16681726,#N/A,14.71046095,#N/A
76.16681726,#N/A,14.71046095,#N/A
76.16681726,#N/A,14.71046095,#N/A
76.16681726,#N/A,14.71046095,#N/A
74.04940785,76.33243846,15.36400472,34.63371238
74.04940785,75.41511227,15.36400472,30.84273641
74.04940785,76.77992395,15.36400472,30.72953968
74.04940785,80.56544756,15.36400472,26.92348143
74.04940785,76.33989659,15.36400472,29.19864358
74.04940785,77.11437715,15.36400472,28.64399342
74.04940785,73.84966968,15.36400472,26.58443396
74.04940785,79.20652979,15.36400472,30.15671305
74.04940785,85.60953247,15.36400472,25.67923918
74.04940785,88.4741533,15.36400472,27.57033606
74.04940785,94.67558849,15.36400472,28.03614313
74.04940785,94.46747289,15.36400472,26.06285728
74.04940785,93.87771148,15.36400472,24.73536481
74.04940785,92.83318176,15.36400472,23.30762901
74.04940785,91.74111371,15.36400472,23.74742752
74.04940785,91.27773988,15.36400472,25.53600199
74.04940785,92.82711013,15.36400472,26.35555846
74.04940785,87.98549287,15.36400472,23.80544792
74.04940785,85.56426683,15.36400472,23.65610605
74.04940785,84.43079273,15.36400472,20.51269293
74.04940785,82.04110311,15.36400472,21.26650484
74.04940785,78.28926027,15.36400472,23.53787145
74.04940785,71.59969939,15.36400472,22.68350602
74.04940785,72.21907478,15.36400472,20.51579461
74.04940785,73.06896755,15.36400472,20.1941485
74.04940785,76.10762442,15.36400472,19.45157685
74.04940785,79.57313889,15.36400472,16.59309563
74.04940785,76.16681726,15.36400472,14.71046095
74.04940785,74.04940785,15.36400472,15.36400472
74.04940785,72.9623108,15.36400472,9.985515104
74.04940785,76.4077955,15.36400472,10.45270542
74.04940785,78.40792811,15.36400472,11.01707933
74.04940785,79.91431909,15.36400472,11.95185154
74.04940785,92.9608613,15.36400472,11.18065072
74.04940785,#N/A,15.36400472,#N/A
74.04940785,#N/A,15.36400472,#N/A
74.04940785,#N/A,15.36400472,#N/A
74.04940785,#N/A,15.36400472,#N/A
74.04940785,#N/A,15.36400472,#N/A
72.9623108,76.33243846,9.985515104,34.63371238
72.9623108,75.41511227,9.985515104,30.84273641
72.9623108,76.77992395,9.985515104,30.72953968
72.9623108,80.56544756,9.985515104,26.92348143
72.9623108,76.33989659,9.985515104,29.19864358
72.9623108,77.11437715,9.985515104,28.64399342
72.9623108,73.84966968,9.985515104,26.58443396
72.9623108,79.20652979,9.985515104,30.15671305
72.9623108,85.60953247,9.985515104,25.67923918
72.9623108,88.4741533,9.985515104,27.57033606
72.9623108,94.67558849,9.985515104,28.03614313
72.9623108,94.46747289,9.985515104,26.06285728
72.9623108,93.87771148,9.985515104,24.73536481
72.9623108,92.83318176,9.985515104,23.30762901
72.9623108,91.74111371,9.985515104,23.74742752
72.9623108,91.27773988,9.985515104,25.53600199
72.9623108,92.82711013,9.985515104,26.35555846
72.9623108,87.98549287,9.985515104,23.80544792
72.9623108,85.56426683,9.985515104,23.65610605
72.9623108,84.43079273,9.985515104,20.51269293
72.9623108,82.04110311,9.985515104,21.26650484
72.9623108,78.28926027,9.985515104,23.53787145
72.9623108,71.59969939,9.985515104,22.68350602
72.9623108,72.21907478,9.985515104,20.51579461
72.9623108,73.06896755,9.985515104,20.1941485
72.9623108,76.10762442,9.985515104,19.45157685
72.9623108,79.57313889,9.985515104,16.59309563
72.9623108,76.16681726,9.985515104,14.71046095
72.9623108,74.04940785,9.985515104,15.36400472
72.9623108,72.9623108,9.985515104,9.985515104
72.9623108,76.4077955,9.985515104,10.45270542
72.9623108,78.40792811,9.985515104,11.01707933
72.9623108,79.91431909,9.985515104,11.95185154
72.9623108,92.9608613,9.985515104,11.18065072
72.9623108,#N/A,9.985515104,#N/A
72.9623108,#N/A,9.985515104,#N/A
72.9623108,#N/A,9.985515104,#N/A
72.9623108,#N/A,9.985515104,#N/A
72.9623108,#N/A,9.985515104,#N/A
76.4077955,76.33243846,10.45270542,34.63371238
76.4077955,75.41511227,10.45270542,30.84273641
76.4077955,76.77992395,10.45270542,30.72953968
76.4077955,80.56544756,10.45270542,26.92348143
76.4077955,76.33989659,10.45270542,29.19864358
76.4077955,77.11437715,10.45270542,28.64399342
76.4077955,73.84966968,10.45270542,26.58443396
76.4077955,79.20652979,10.45270542,30.15671305
76.4077955,85.60953247,10.45270542,25.67923918
76.4077955,88.4741533,10.45270542,27.57033606
76.4077955,94.67558849,10.45270542,28.03614313
76.4077955,94.46747289,10.45270542,26.06285728
76.4077955,93.87771148,10.45270542,24.73536481
76.4077955,92.83318176,10.45270542,23.30762901
76.4077955,91.74111371,10.45270542,23.74742752
76.4077955,91.27773988,10.45270542,25.53600199
76.4077955,92.82711013,10.45270542,26.35555846
76.4077955,87.98549287,10.45270542,23.80544792
76.4077955,85.56426683,10.45270542,23.65610605
76.4077955,84.43079273,10.45270542,20.51269293
76.4077955,82.04110311,10.45270542,21.26650484
76.4077955,78.28926027,10.45270542,23.53787145
76.4077955,71.59969939,10.45270542,22.68350602
76.4077955,72.21907478,10.45270542,20.51579461
76.4077955,73.06896755,10.45270542,20.1941485
76.4077955,76.10762442,10.45270542,19.45157685
76.4077955,79.57313889,10.45270542,16.59309563
76.4077955,76.16681726,10.45270542,14.71046095
76.4077955,74.04940785,10.45270542,15.36400472
76.4077955,72.9623108,10.45270542,9.985515104
76.4077955,76.4077955,10.45270542,10.45270542
76.4077955,78.40792811,10.45270542,11.01707933
76.4077955,79.91431909,10.45270542,11.95185154
76.4077955,92.9608613,10.45270542,11.18065072
76.4077955,#N/A,10.45270542,#N/A
76.4077955,#N/A,10.45270542,#N/A
76.4077955,#N/A,10.45270542,#N/A
76.4077955,#N/A,10.45270542,#N/A
76.4077955,#N/A,10.45270542,#N/A
78.40792811,76.33243846,11.01707933,34.63371238
78.40792811,75.41511227,11.01707933,30.84273641
78.40792811,76.77992395,11.01707933,30.72953968
78.40792811,80.56544756,11.01707933,26.92348143
78.40792811,76.33989659,11.01707933,29.19864358
78.40792811,77.11437715,11.01707933,28.64399342
78.40792811,73.84966968,11.01707933,26.58443396
78.40792811,79.20652979,11.01707933,30.15671305
78.40792811,85.60953247,11.01707933,25.67923918
78.40792811,88.4741533,11.01707933,27.57033606
78.40792811,94.67558849,11.01707933,28.03614313
78.40792811,94.46747289,11.01707933,26.06285728
78.40792811,93.87771148,11.01707933,24.73536481
78.40792811,92.83318176,11.01707933,23.30762901
78.40792811,91.74111371,11.01707933,23.74742752
78.40792811,91.27773988,11.01707933,25.53600199
78.40792811,92.82711013,11.01707933,26.35555846
78.40792811,87.98549287,11.01707933,23.80544792
78.40792811,85.56426683,11.01707933,23.65610605
78.40792811,84.43079273,11.01707933,20.51269293
78.40792811,82.04110311,11.01707933,21.26650484
78.40792811,78.28926027,11.01707933,23.53787145
78.40792811,71.59969939,11.01707933,22.68350602
78.40792811,72.21907478,11.01707933,20.51579461
78.40792811,73.06896755,11.01707933,20.1941485
78.40792811,76.10762442,11.01707933,19.45157685
78.40792811,79.57313889,11.01707933,16.59309563
78.40792811,76.16681726,11.01707933,14.71046095
78.40792811,74.04940785,11.01707933,15.36400472
78.40792811,72.9623108,11.01707933,9.985515104
78.40792811,76.4077955,11.01707933,10.45270542
78.40792811,78.40792811,11.01707933,11.01707933
78.40792811,79.91431909,11.01707933,11.95185154
78.40792811,92.9608613,11.01707933,11.18065072
78.40792811,#N/A,11.01707933,#N/A
78.40792811,#N/A,11.01707933,#N/A
78.40792811,#N/A,11.01707933,#N/A
78.40792811,#N/A,11.01707933,#N/A
78.40792811,#N/A,11.01707933,#N/A
79.91431909,76.33243846,11.95185154,34.63371238
79.91431909,75.41511227,11.95185154,30.84273641
79.91431909,76.77992395,11.95185154,30.72953968
79.91431909,80.56544756,11.95185154,26.92348143
79.91431909,76.33989659,11.95185154,29.19864358
79.91431909,77.11437715,11.95185154,28.64399342
79.91431909,73.84966968,11.95185154,26.58443396
79.91431909,79.20652979,11.95185154,30.15671305
79.91431909,85.60953247,11.95185154,25.67923918
79.91431909,88.4741533,11.95185154,27.57033606
79.91431909,94.67558849,11.95185154,28.03614313
79.91431909,94.46747289,11.95185154,26.06285728
79.91431909,93.87771148,11.95185154,24.73536481
79.91431909,92.83318176,11.95185154,23.30762901
79.91431909,91.74111371,11.95185154,23.74742752
79.91431909,91.27773988,11.95185154,25.53600199
79.91431909,92.82711013,11.95185154,26.35555846
79.91431909,87.98549287,11.95185154,23.80544792
79.91431909,85.56426683,11.95185154,23.65610605
79.91431909,84.43079273,11.95185154,20.51269293
79.91431909,82.04110311,11.95185154,21.26650484
79.91431909,78.28926027,11.95185154,23.53787145
79.91431909,71.59969939,11.95185154,22.68350602
79.91431909,72.21907478,11.95185154,20.51579461
79.91431909,73.06896755,11.95185154,20.1941485
79.91431909,76.10762442,11.95185154,19.45157685
79.91431909,79.57313889,11.95185154,16.59309563
79.91431909,76.16681726,11.95185154,14.71046095
79.91431909,74.04940785,11.95185154,15.36400472
79.91431909,72.9623108,11.95185154,9.985515104
79.91431909,76.4077955,11.95185154,10.45270542
79.91431909,78.40792811,11.95185154,11.01707933
79.91431909,79.91431909,11.95185154,11.95185154
79.91431909,92.9608613,11.95185154,11.18065072
79.91431909,#N/A,11.95185154,#N/A
79.91431909,#N/A,11.95185154,#N/A
79.91431909,#N/A,11.95185154,#N/A
79.91431909,#N/A,11.95185154,#N/A
79.91431909,#N/A,11.95185154,#N/A
92.9608613,76.33243846,11.18065072,34.63371238
92.9608613,75.41511227,11.18065072,30.84273641
92.9608613,76.77992395,11.18065072,30.72953968
92.9608613,80.56544756,11.18065072,26.92348143
92.9608613,76.33989659,11.18065072,29.19864358
92.9608613,77.11437715,11.18065072,28.64399342
92.9608613,73.84966968,11.18065072,26.58443396
92.9608613,79.20652979,11.18065072,30.15671305
92.9608613,85.60953247,11.18065072,25.67923918
92.9608613,88.4741533,11.18065072,27.57033606
92.9608613,94.67558849,11.18065072,28.03614313
92.9608613,94.46747289,11.18065072,26.06285728
92.9608613,93.87771148,11.18065072,24.73536481
92.9608613,92.83318176,11.18065072,23.30762901
92.9608613,91.74111371,11.18065072,23.74742752
92.9608613,91.27773988,11.18065072,25.53600199
92.9608613,92.82711013,11.18065072,26.35555846
92.9608613,87.98549287,11.18065072,23.80544792
92.9608613,85.56426683,11.18065072,23.65610605
92.9608613,84.43079273,11.18065072,20.51269293
92.9608613,82.04110311,11.18065072,21.26650484
92.9608613,78.28926027,11.18065072,23.53787145
92.9608613,71.59969939,11.18065072,22.68350602
92.9608613,72.21907478,11.18065072,20.51579461
92.9608613,73.06896755,11.18065072,20.1941485
92.9608613,76.10762442,11.18065072,19.45157685
92.9608613,79.57313889,11.18065072,16.59309563
92.9608613,76.16681726,11.18065072,14.71046095
92.9608613,74.04940785,11.18065072,15.36400472
92.9608613,72.9623108,11.18065072,9.985515104
92.9608613,76.4077955,11.18065072,10.45270542
92.9608613,78.40792811,11.18065072,11.01707933
92.9608613,79.91431909,11.18065072,11.95185154
92.9608613,92.9608613,11.18065072,11.18065072
92.9608613,#N/A,11.18065072,#N/A
92.9608613,#N/A,11.18065072,#N/A
92.9608613,#N/A,11.18065072,#N/A
92.9608613,#N/A,11.18065072,#N/A
92.9608613,#N/A,11.18065072,#N/A
